Name,Weeks,Gender
A,-0.03486911605882419,L1
B,-0.006705303027512036,L1
C,0.016686620365631122,L1
D,0.007274352667189089,L1
E,-0.023881571440520815,L1
F,-0.0355984381520211,L1
G,-0.003062708235720556,R1
H,0.046826841024405715,R1
I,0.05443507721966366,R1
J,-0.009848094841434611,R1
K,-0.10027330497388035,R1
